-- CLIENT --
INSERT INTO client (ClientID,name,address,Phone) VALUES 
(1,'Ogle','8018 Sachs Lane','627-690-4132'),
(2,'Grosvenor','14 Memorial Place','926-343-5481'),
(3,'Espinola','638 Stang Junction','784-219-6469'),
(4,'Klaas','24855 Lakewood Terrace','977-896-4852'),
(5,'Cutridge','59 Carberry Junction','379-454-4020'),
(6,'Landy','983 Prairieview Place','588-931-8658'),
(7,'Thirsk','20 Towne Way','804-980-7201'),
(8,'Reimer','586 Golf Point','620-232-8011'),
(9,'Wahncke','917 Oxford Parkway','392-260-0175'),
(10,'Rosser','505 Continental Point','287-103-5208'),
(11,'Otto','016 Fair Oaks Plaza','543-837-7330'),
(12,'Softley','708 Karstens Place','569-191-3898'),
(13,'Booty','964 Lotheville Plaza','544-218-2251'),
(14,'Laban','1 Blackbird Pass','317-681-2131'),
(15,'Le Guin','581 6th Lane','106-539-3500'),
(16,'Tunder','80978 Del Sol Way','728-338-3598'),
(17,'MacLice','7937 Ronald Regan Center','714-147-3709'),
(18,'Hamberstone','20 Spohn Court','347-221-3131'),
(19,'McGonnell','815 Meadow Valley Pass','556-834-2812'),
(20,E'D\'Angeli','7 Becker Circle','177-228-0927');

-- CROPS --
INSERT INTO CROPS (CropID,cropType,Name,Amount) VALUES 
(1,'Vegetable','Carrot',895),
(2,'Vegetable','Corn',4300),
(3,'Nut','Pistachio',1135),
(4,'Nut','Almond',1159),
(5,'Fruit','Strawberry',499),
(6,'Fruit','Grape',1646),
(7,'Grain','Wheat',921),
(8,'Fruit','Tomato',1890),
(9,'Vegetable','Spinach',502),
(10,'Vegetable','Broccoli',1408),
(11,'Vegetable','Lettuce',71);

-- EMPLOYEES --
insert into employees (EmployeeID, name, Phone, EmploymentStatus, Salary) values (1, 'Pringell', '704-265-4575', 'Office Assistant I', 112931);
insert into employees (EmployeeID, name, Phone, EmploymentStatus, Salary) values (2, 'Toppin', '684-718-2582', 'Software Consultant', 50227);
insert into employees (EmployeeID, name, Phone, EmploymentStatus, Salary) values (3, 'Durnan', '595-932-7972', 'Human Resources Manager', 50392);
insert into employees (EmployeeID, name, Phone, EmploymentStatus, Salary) values (4, 'Loker', '378-884-7214', 'Analog Circuit Design manager', 60723);
insert into employees (EmployeeID, name, Phone, EmploymentStatus, Salary) values (5, 'Dartnall', '420-158-1899', 'Analyst Programmer', 133337);
insert into employees (EmployeeID, name, Phone, EmploymentStatus, Salary) values (6, 'Hurich', '816-413-5218', 'VP Quality Control', 131983);
insert into employees (EmployeeID, name, Phone, EmploymentStatus, Salary) values (7, 'Logsdail', '322-102-0217', 'Accounting Assistant I', 74941);
insert into employees (EmployeeID, name, Phone, EmploymentStatus, Salary) values (8, 'Gonin', '242-318-8383', 'Safety Technician IV', 155305);
insert into employees (EmployeeID, name, Phone, EmploymentStatus, Salary) values (9, 'Friedank', '812-722-6036', 'Mechanical Systems Engineer', 57639);
insert into employees (EmployeeID, name, Phone, EmploymentStatus, Salary) values (10, 'Wannell', '283-276-9150', 'Structural Analysis Engineer', 107481);
insert into employees (EmployeeID, name, Phone, EmploymentStatus, Salary) values (11, 'Lattimore', '858-974-7830', 'Teacher', 135489);
insert into employees (EmployeeID, name, Phone, EmploymentStatus, Salary) values (12, 'Knapper', '742-617-3137', 'Desktop Support Technician', 88140);
insert into employees (EmployeeID, name, Phone, EmploymentStatus, Salary) values (13, 'Hallor', '497-463-2914', 'Compensation Analyst', 183641);
insert into employees (EmployeeID, name, Phone, EmploymentStatus, Salary) values (14, 'Salery', '731-745-6116', 'Systems Administrator II', 157722);
insert into employees (EmployeeID, name, Phone, EmploymentStatus, Salary) values (15, 'Anthoine', '724-358-6102', 'Financial Analyst', 73168);
insert into employees (EmployeeID, name, Phone, EmploymentStatus, Salary) values (16, 'O''Crevan', '622-412-4752', 'Physical Therapy Assistant', 108641);
insert into employees (EmployeeID, name, Phone, EmploymentStatus, Salary) values (17, 'Woolbrook', '172-946-4606', 'Systems Administrator III', 78837);
insert into employees (EmployeeID, name, Phone, EmploymentStatus, Salary) values (18, 'Degoix', '262-542-2806', 'Assistant Professor', 127801);
insert into employees (EmployeeID, name, Phone, EmploymentStatus, Salary) values (19, 'Adess', '817-821-1441', 'Financial Advisor', 150208);
insert into employees (EmployeeID, name, Phone, EmploymentStatus, Salary) values (20, 'Redholls', '927-810-9644', 'Developer IV', 191720);
insert into employees (EmployeeID, name, Phone, EmploymentStatus, Salary) values (21, 'Yates', '299-149-2457', 'Accountant I', 156976);
insert into employees (EmployeeID, name, Phone, EmploymentStatus, Salary) values (22, 'Broadley', '270-623-4451', 'Staff Scientist', 94392);
insert into employees (EmployeeID, name, Phone, EmploymentStatus, Salary) values (23, 'Ianilli', '361-387-0632', 'Senior Financial Analyst', 182972);
insert into employees (EmployeeID, name, Phone, EmploymentStatus, Salary) values (24, 'Ure', '210-642-9989', 'Librarian', 80075);
insert into employees (EmployeeID, name, Phone, EmploymentStatus, Salary) values (25, 'Malitrott', '209-620-2042', 'Junior Executive', 150967);
insert into employees (EmployeeID, name, Phone, EmploymentStatus, Salary) values (26, 'Yoseloff', '962-909-0698', 'Automation Specialist III', 177180);
insert into employees (EmployeeID, name, Phone, EmploymentStatus, Salary) values (27, 'Arnholdt', '301-273-3478', 'Budget/Accounting Analyst II', 183687);
insert into employees (EmployeeID, name, Phone, EmploymentStatus, Salary) values (28, 'Alps', '901-607-7414', 'Statistician II', 67379);
insert into employees (EmployeeID, name, Phone, EmploymentStatus, Salary) values (29, 'Sprasen', '630-233-9915', 'Quality Engineer', 54432);
insert into employees (EmployeeID, name, Phone, EmploymentStatus, Salary) values (30, 'Sylvester', '114-704-9652', 'Health Coach IV', 71401);
insert into employees (EmployeeID, name, Phone, EmploymentStatus, Salary) values (31, 'Padmore', '516-429-2190', 'Help Desk Operator', 157175);
insert into employees (EmployeeID, name, Phone, EmploymentStatus, Salary) values (32, 'Benes', '157-725-4946', 'Software Consultant', 143112);
insert into employees (EmployeeID, name, Phone, EmploymentStatus, Salary) values (33, 'Bleacher', '724-485-4650', 'General Manager', 180491);
insert into employees (EmployeeID, name, Phone, EmploymentStatus, Salary) values (34, 'Dury', '895-551-2998', 'Speech Pathologist', 55739);
insert into employees (EmployeeID, name, Phone, EmploymentStatus, Salary) values (35, 'Hens', '377-662-4216', 'Technical Writer', 62109);
insert into employees (EmployeeID, name, Phone, EmploymentStatus, Salary) values (36, 'Giraudot', '160-535-0825', 'Editor', 110210);
insert into employees (EmployeeID, name, Phone, EmploymentStatus, Salary) values (37, 'Vedeniktov', '171-506-2369', 'Clinical Specialist', 197459);
insert into employees (EmployeeID, name, Phone, EmploymentStatus, Salary) values (38, 'Bernhardi', '197-320-2802', 'Assistant Media Planner', 144271);
insert into employees (EmployeeID, name, Phone, EmploymentStatus, Salary) values (39, 'MacCollom', '525-414-5955', 'Librarian', 149405);
insert into employees (EmployeeID, name, Phone, EmploymentStatus, Salary) values (40, 'Grishankov', '964-993-4720', 'Help Desk Operator', 140741);
insert into employees (EmployeeID, name, Phone, EmploymentStatus, Salary) values (41, 'Crookshanks', '534-450-5432', 'Chief Design Engineer', 117448);
insert into employees (EmployeeID, name, Phone, EmploymentStatus, Salary) values (42, 'Dodgson', '887-822-4162', 'Business Systems Development Analyst', 92718);
insert into employees (EmployeeID, name, Phone, EmploymentStatus, Salary) values (43, 'Maginot', '160-693-3997', 'Accountant IV', 184829);
insert into employees (EmployeeID, name, Phone, EmploymentStatus, Salary) values (44, 'Coneley', '363-387-6456', 'Developer III', 195040);
insert into employees (EmployeeID, name, Phone, EmploymentStatus, Salary) values (45, 'Buff', '905-166-1346', 'Accounting Assistant IV', 105153);
insert into employees (EmployeeID, name, Phone, EmploymentStatus, Salary) values (46, 'Jersh', '732-947-1152', 'Teacher', 108489);
insert into employees (EmployeeID, name, Phone, EmploymentStatus, Salary) values (47, 'Burder', '696-415-0811', 'Structural Analysis Engineer', 121225);
insert into employees (EmployeeID, name, Phone, EmploymentStatus, Salary) values (48, 'Jiruch', '661-466-9039', 'VP Quality Control', 170745);
insert into employees (EmployeeID, name, Phone, EmploymentStatus, Salary) values (49, 'Blick', '917-709-7538', 'Chemical Engineer', 154451);
insert into employees (EmployeeID, name, Phone, EmploymentStatus, Salary) values (50, 'Giacobazzi', '877-991-9020', 'Chemical Engineer', 97112);
insert into employees (EmployeeID, name, Phone, EmploymentStatus, Salary) values (51, 'Headley', '371-659-3495', 'Accountant I', 51770);
insert into employees (EmployeeID, name, Phone, EmploymentStatus, Salary) values (52, 'Stang-Gjertsen', '534-578-7994', 'Cost Accountant', 49026);
insert into employees (EmployeeID, name, Phone, EmploymentStatus, Salary) values (53, 'Meriton', '642-129-9755', 'Research Associate', 132357);
insert into employees (EmployeeID, name, Phone, EmploymentStatus, Salary) values (54, 'Louche', '704-945-8758', 'Financial Advisor', 120151);
insert into employees (EmployeeID, name, Phone, EmploymentStatus, Salary) values (55, 'O''Currine', '258-790-4222', 'Senior Sales Associate', 62951);
insert into employees (EmployeeID, name, Phone, EmploymentStatus, Salary) values (56, 'Have', '179-865-7614', 'Senior Editor', 49174);
insert into employees (EmployeeID, name, Phone, EmploymentStatus, Salary) values (57, 'Tezure', '975-780-6389', 'Structural Analysis Engineer', 45146);
insert into employees (EmployeeID, name, Phone, EmploymentStatus, Salary) values (58, 'Iacovolo', '361-135-7530', 'Web Developer II', 49853);
insert into employees (EmployeeID, name, Phone, EmploymentStatus, Salary) values (59, 'Zumbusch', '389-873-8030', 'Actuary', 150710);
insert into employees (EmployeeID, name, Phone, EmploymentStatus, Salary) values (60, 'Lakenden', '162-259-6999', 'Engineer II', 141294);

-- FIELD INFO --
INSERT INTO  field_info (FieldID,Acreage,CropID) VALUES 
(1,289,1),
(2,615,2),
(3,820,3),
(4,817,4),
(5,410,5),
(6,268,6),
(7,916,7),
(8,708,8),
(9,409,9),
(10,532,10),
(11,967,11),
(12,660,1),
(13,839,1),
(14,607,2),
(15,168,3),
(16,437,4),
(17,400,5),
(18,865,6),
(19,784,5),
(20,566,4);

-- INVENTORY --
INSERT INTO Inventory (StockID,Name,Category,Amount) VALUES 
(1,'Cut_grass','Feed',6546),
(2,'Corn','Feed',7002),
(3,'Hay','Feed',2133),
(4,'Wheat','Feed',3445),
(5,'Cereal_grains','Feed',4192),
(6,'Tractors','Equipment',4),
(7,'Hoses','Equipment',100),
(8,'Cutters','Equipment',45),
(9,'Harvesters','Equipment',40),
(10,'Mowers','Equipment',35);

-- LIVESTOCK --
INSERT INTO livestock(SpeciesID,Species,Food,Feed_Levels) VALUES
(1,'Cow','Grasses','good'),
(2,'Pig','Corn','good'),
(3,'Chicken','Grains','good'),
(4,'Horse','Hay','good'),
(5,'Sheep','Grasses','low');

-- OUTGOING DELIVERIES --
INSERT INTO outgoingdeliveries (Out_DeliveryID,DeliveryDate,Expected_Profit,Recipient) VALUES 
(1,'2021-02-21',1137,'Quatz'),
(2,'2021-02-21',136,'Twitternation'),
(3,'2020-01-28',948,'Blogpad'),
(4,'2020-07-27',1566,'Trunyx'),
(5,'2020-11-11',1972,'Kazio'),
(6,'2021-03-16',112,'Innojam'),
(7,'2019-12-29',1058,'Quatz'),
(8,'2020-10-20',634,'InnoZ'),
(9,'2020-12-11',512,'Shufflebeat'),
(10,'2020-12-07',1523,'Fiveclub'),
(11,'2020-04-04',409,'Photospace'),
(12,'2019-10-28',189,'Riffpath'),
(13,'2020-06-25',1569,'Gabtype'),
(14,'2020-05-23',800,'Rooxo'),
(15,'2019-11-21',1497,'Wordify'),
(16,'2020-08-07',458,'Jabbertype'),
(17,'2019-11-18',439,'Brainverse'),
(18,'2020-07-19',746,'Jabberstorm'),
(19,'2020-08-10',1087,'Devify'),
(20,'2020-12-19',986,'Zoombox');

-- EMPLOYED --
insert into Employed (ClientID, EmployeeID) values (1, 1);
insert into Employed (ClientID, EmployeeID) values (1, 2);
insert into Employed (ClientID, EmployeeID) values (1, 3);
insert into Employed (ClientID, EmployeeID) values (1, 4);
insert into Employed (ClientID, EmployeeID) values (1, 5);
insert into Employed (ClientID, EmployeeID) values (1, 6);
insert into Employed (ClientID, EmployeeID) values (1, 7);
insert into Employed (ClientID, EmployeeID) values (1, 8);
insert into Employed (ClientID, EmployeeID) values (1, 9);
insert into Employed (ClientID, EmployeeID) values (1, 10);
insert into Employed (ClientID, EmployeeID) values (2, 11);
insert into Employed (ClientID, EmployeeID) values (2, 12);
insert into Employed (ClientID, EmployeeID) values (3, 13);
insert into Employed (ClientID, EmployeeID) values (4, 14);
insert into Employed (ClientID, EmployeeID) values (4, 15);
insert into Employed (ClientID, EmployeeID) values (4, 16);
insert into Employed (ClientID, EmployeeID) values (4, 17);
insert into Employed (ClientID, EmployeeID) values (4, 18);
insert into Employed (ClientID, EmployeeID) values (4, 19);
insert into Employed (ClientID, EmployeeID) values (5, 20);
insert into Employed (ClientID, EmployeeID) values (5, 21);
insert into Employed (ClientID, EmployeeID) values (5, 22);
insert into Employed (ClientID, EmployeeID) values (5, 23);
insert into Employed (ClientID, EmployeeID) values (5, 24);
insert into Employed (ClientID, EmployeeID) values (6, 25);
insert into Employed (ClientID, EmployeeID) values (7, 26);
insert into Employed (ClientID, EmployeeID) values (7, 27);
insert into Employed (ClientID, EmployeeID) values (8, 28);
insert into Employed (ClientID, EmployeeID) values (9, 29);
insert into Employed (ClientID, EmployeeID) values (10, 30);
insert into Employed (ClientID, EmployeeID) values (12, 31);
insert into Employed (ClientID, EmployeeID) values (12, 32);
insert into Employed (ClientID, EmployeeID) values (13, 33);
insert into Employed (ClientID, EmployeeID) values (13, 34);
insert into Employed (ClientID, EmployeeID) values (13, 35);
insert into Employed (ClientID, EmployeeID) values (13, 36);
insert into Employed (ClientID, EmployeeID) values (14, 37);
insert into Employed (ClientID, EmployeeID) values (14, 38);
insert into Employed (ClientID, EmployeeID) values (14, 39);
insert into Employed (ClientID, EmployeeID) values (15, 40);
insert into Employed (ClientID, EmployeeID) values (15, 41);
insert into Employed (ClientID, EmployeeID) values (15, 42);
insert into Employed (ClientID, EmployeeID) values (16, 43);
insert into Employed (ClientID, EmployeeID) values (17, 44);
insert into Employed (ClientID, EmployeeID) values (18, 45);
insert into Employed (ClientID, EmployeeID) values (18, 46);
insert into Employed (ClientID, EmployeeID) values (19, 47);
insert into Employed (ClientID, EmployeeID) values (20, 48);

-- EQUIPMENT --
INSERT INTO Equipment (EquipmentNumber,Fuel,Status,Brand,FieldID) VALUES 
(1,'Diesel','Good','BMW',1),
(2,'Electric','Good','Pontiac',2),
(3,'Petrol','Good','Mazda',3),
(4,'Diesel','Good','Toyota',4),
(5,'Diesel','Good','GMC',6),
(6,'Electric','Good','Pontiac',6),
(7,'Diesel','Needs Repair','Mitsubishi',7),
(8,'Electric','Good','Volkswagen',7),
(9,'Diesel','Good','GMC',8),
(10,'Electric','Good','Mazda',8),
(11,'Electric','Good','Chrysler',9),
(12,'Electric','Good','Ferrari',10),
(13,'Electric','Good','Pontiac',10),
(14,'Electric','Good','Nissan',11),
(15,'Diesel','Good','Toyota',12),
(16,'Petrol','Good','Volkswagen',13),
(17,'Petrol','Good','Mercury',15),
(18,'Diesel','Good','Chrysler',16),
(19,'Diesel','Good','Scion',17),
(20,'Electric','Good','Ford',18);

-- GROWING -- 
insert into Growing (CropID, FieldID) values (1, 1);
insert into Growing (CropID, FieldID) values (1, 2);
insert into Growing (CropID, FieldID) values (1, 3);
insert into Growing (CropID, FieldID) values (1, 4);
insert into Growing (CropID, FieldID) values (1, 5);
insert into Growing (CropID, FieldID) values (1, 6);
insert into Growing (CropID, FieldID) values (1, 7);
insert into Growing (CropID, FieldID) values (2, 8);
insert into Growing (CropID, FieldID) values (2, 9);
insert into Growing (CropID, FieldID) values (2, 3);
insert into Growing (CropID, FieldID) values (2, 4);
insert into Growing (CropID, FieldID) values (3, 5);
insert into Growing (CropID, FieldID) values (3, 6);
insert into Growing (CropID, FieldID) values (3, 8);
insert into Growing (CropID, FieldID) values (3, 9);
insert into Growing (CropID, FieldID) values (3, 10);
insert into Growing (CropID, FieldID) values (3, 11);
insert into Growing (CropID, FieldID) values (4, 16);
insert into Growing (CropID, FieldID) values (5, 13);
insert into Growing (CropID, FieldID) values (5, 14);
insert into Growing (CropID, FieldID) values (5, 15);
insert into Growing (CropID, FieldID) values (6, 14);
insert into Growing (CropID, FieldID) values (6, 18);
insert into Growing (CropID, FieldID) values (7, 19);
insert into Growing (CropID, FieldID) values (7, 1);
insert into Growing (CropID, FieldID) values (8, 1);
insert into Growing (CropID, FieldID) values (6, 3);
insert into Growing (CropID, FieldID) values (9, 12);
insert into Growing (CropID, FieldID) values (10, 11);
insert into Growing (CropID, FieldID) values (11,12);
insert into Growing (CropID, FieldID) values (11,13);
insert into Growing (CropID, FieldID) values (11, 14);
insert into Growing (CropID, FieldID) values (11, 15);

-- LIVESTOCK OWNERSHIP --
--Had to change "StockID" to "SpeciesID"
insert into LSOwnership (SpeciesID, clientID) values (1, 1);
insert into LSOwnership (SpeciesID, clientID) values (2, 2);
insert into LSOwnership (SpeciesID, clientID) values (3, 3);
insert into LSOwnership (SpeciesID, clientID) values (4, 4);
insert into LSOwnership (SpeciesID, clientID) values (5, 5);
insert into LSOwnership (SpeciesID, clientID) values (1, 6);
insert into LSOwnership (SpeciesID, clientID) values (2, 7);
insert into LSOwnership (SpeciesID, clientID) values (3, 8);
insert into LSOwnership (SpeciesID, clientID) values (4, 9);
insert into LSOwnership (SpeciesID, clientID) values (5, 10);
insert into LSOwnership (SpeciesID, clientID) values (1, 11);
insert into LSOwnership (SpeciesID, clientID) values (2, 12);
insert into LSOwnership (SpeciesID, clientID) values (3, 13);
insert into LSOwnership (SpeciesID, clientID) values (4, 14);
insert into LSOwnership (SpeciesID, clientID) values (5, 15);
insert into LSOwnership (SpeciesID, clientID) values (1, 16);
insert into LSOwnership (SpeciesID, clientID) values (2, 17);
insert into LSOwnership (SpeciesID, clientID) values (3, 18);
insert into LSOwnership (SpeciesID, clientID) values (4, 19);
insert into LSOwnership (SpeciesID, clientID) values (5, 20);
insert into LSOwnership (SpeciesID, clientID) values (1, 2);
insert into LSOwnership (SpeciesID, clientID) values (3, 4);
insert into LSOwnership (SpeciesID, clientID) values (5, 4);
insert into LSOwnership (SpeciesID, clientID) values (5, 6);
--insert into LSOwnership (SpeciesID, clientID) values (4, 19); Removed for repeat value
insert into LSOwnership (SpeciesID, clientID) values (5, 18);
insert into LSOwnership (SpeciesID, clientID) values (3, 14);
insert into LSOwnership (SpeciesID, clientID) values (2, 4);
insert into LSOwnership (SpeciesID, clientID) values (5, 13);
insert into LSOwnership (SpeciesID, clientID) values (3, 12);

-- OUT_SERVICES --
INSERT INTO out_services (ClientID,Out_DeliveryID) VALUES
(2,14),
(3,17),
(20,1 ), 
(20,11),
(15,6),
(13,9),
(17,10),
(6,15),
(9,13),
(4,2),
(4,10 ),
(12,12),
(6,17 ),
(11,18),
(20,14),
(13,2 ),
(14,5 ),
(12,18),
(19,13),
(9,3),
(2,12),
(6,19),
(6,8),
--(6,17), Removed due to repeat value
(19,17),
(18,20),
(5,14),
(18,8),
(10,10),
--(20,14), Removed due to repeat value 
--(5,14), Removed due to repeat value
(7,2),
(10,16),
(17,19),
(18,5 ),
(19,16),
(12,11),
(14,13),
(5,16),
(11,7),
(15,9),
(11,1);

-- INVENTORY OWNERSHIP --
insert into Inv_Ownership (StockID, ClientID) values (1, 1);
insert into Inv_Ownership (StockID, ClientID) values (1, 2);
insert into Inv_Ownership (StockID, ClientID) values (1, 3);
insert into Inv_Ownership (StockID, ClientID) values (1, 4);
insert into Inv_Ownership (StockID, ClientID) values (1, 5);
insert into Inv_Ownership (StockID, ClientID) values (2, 6);
insert into Inv_Ownership (StockID, ClientID) values (2, 7);
insert into Inv_Ownership (StockID, ClientID) values (3, 8);
insert into Inv_Ownership (StockID, ClientID) values (3, 9);
insert into Inv_Ownership (StockID, ClientID) values (3, 10);
insert into Inv_Ownership (StockID, ClientID) values (3, 11);
insert into Inv_Ownership (StockID, ClientID) values (4, 12);
insert into Inv_Ownership (StockID, ClientID) values (4, 13);
insert into Inv_Ownership (StockID, ClientID) values (4, 14);
insert into Inv_Ownership (StockID, ClientID) values (4, 15);
insert into Inv_Ownership (StockID, ClientID) values (4, 16);
insert into Inv_Ownership (StockID, ClientID) values (4, 17);
insert into Inv_Ownership (StockID, ClientID) values (5, 18);
insert into Inv_Ownership (StockID, ClientID) values (6, 19);
insert into Inv_Ownership (StockID, ClientID) values (6, 20);

-- FIELD OWNERSHIP --
INSERT INTO field_ownership (FieldID,ClientID) VALUES 
(13,19),
(12,14),
(4,7),
(18,16),
(16,6),
(12,18),
(4,12),
(1,12),
(1,2),
(15,20),
(16,5),
--(4,7), removed due to repeat value
(16,14),
(12,19),
(10,11),
(16,1),
(8,10),
(4,11),
(8,2),
(12,15),
(10,1),
(16,16),
(18,18),
--(12,15), removed due to repeat value
(12,12),
(7,9),
(19,16),
--(8,10), removed due to repeat value
(15,1),
(10,7),
(17,16),
(7,11),
(16,3),
(18,2),
(8,7),
(14,17);

--INCOMING DELIVERIES --
insert into IncomingDeliveries (In_DeliveryID, DeliveryDate, Stock_levels, Supplier) values (1, '2020-10-28', 888, 'Fiveclub');
insert into IncomingDeliveries (In_DeliveryID, DeliveryDate, Stock_levels, Supplier) values (2, '2020-04-09', 1437, 'Youspan');
insert into IncomingDeliveries (In_DeliveryID, DeliveryDate, Stock_levels, Supplier) values (3, '2020-11-23', 608, 'Skiba');
insert into IncomingDeliveries (In_DeliveryID, DeliveryDate, Stock_levels, Supplier) values (4, '2019-10-18', 1087, 'Youfeed');
insert into IncomingDeliveries (In_DeliveryID, DeliveryDate, Stock_levels, Supplier) values (5, '2019-11-21', 412, 'Skilith');
insert into IncomingDeliveries (In_DeliveryID, DeliveryDate, Stock_levels, Supplier) values (6, '2020-05-21', 1637, 'Twitterbridge');
insert into IncomingDeliveries (In_DeliveryID, DeliveryDate, Stock_levels, Supplier) values (7, '2021-02-02', 883, 'Plambee');
insert into IncomingDeliveries (In_DeliveryID, DeliveryDate, Stock_levels, Supplier) values (8, '2020-09-23', 998, 'Voomm');
insert into IncomingDeliveries (In_DeliveryID, DeliveryDate, Stock_levels, Supplier) values (9, '2020-02-24', 287, 'Camido');
insert into IncomingDeliveries (In_DeliveryID, DeliveryDate, Stock_levels, Supplier) values (10, '2020-11-12', 416, 'Abatz');
insert into IncomingDeliveries (In_DeliveryID, DeliveryDate, Stock_levels, Supplier) values (11, '2020-09-15', 323, 'Tagopia');
insert into IncomingDeliveries (In_DeliveryID, DeliveryDate, Stock_levels, Supplier) values (12, '2020-10-02', 455, 'Innojam');
insert into IncomingDeliveries (In_DeliveryID, DeliveryDate, Stock_levels, Supplier) values (13, '2021-01-13', 1884, 'Voonder');
insert into IncomingDeliveries (In_DeliveryID, DeliveryDate, Stock_levels, Supplier) values (14, '2020-09-12', 295, 'Yambee');
insert into IncomingDeliveries (In_DeliveryID, DeliveryDate, Stock_levels, Supplier) values (15, '2021-01-05', 1381, 'Twinte');
insert into IncomingDeliveries (In_DeliveryID, DeliveryDate, Stock_levels, Supplier) values (16, '2020-03-31', 1882, 'Tazzy');
insert into IncomingDeliveries (In_DeliveryID, DeliveryDate, Stock_levels, Supplier) values (17, '2020-11-07', 1616, 'Thoughtbeat');
insert into IncomingDeliveries (In_DeliveryID, DeliveryDate, Stock_levels, Supplier) values (18, '2020-07-17', 687, 'Jabbersphere');
insert into IncomingDeliveries (In_DeliveryID, DeliveryDate, Stock_levels, Supplier) values (19, '2021-01-15', 209, 'Tazz');
insert into IncomingDeliveries (In_DeliveryID, DeliveryDate, Stock_levels, Supplier) values (20, '2020-03-26', 937, 'Viva');

-- IN SERVICES --
INSERT INTO in_services (ClientID, In_DeliveryID) VALUES
(1, 1),
(1, 2),
(4, 3),
(2, 4),
(2, 5),
(4, 6),
(5, 7),
(5, 8),
(6, 9),
(6, 10),
(13, 11),
(13, 12),
(13, 13),
(15, 14),
(10, 15),
(15, 16),
(15, 17),
(7, 18),
(7, 19),
(7, 20);
